{
  "dataset": "euvsdisinfo",
  "model": "lr",
  "variant": "tfidf",
  "seed": 71,
  "split": "grouped_v2",
  "config_path": "pipeline/03_models/configs/classical_lr.yaml",
  "data_manifest_sha": null,
  "metrics": {
    "f1": {
      "mean": 0.9510278858578961,
      "std": 0.005134941977000544,
      "ci_lo": 0.9407865465037785,
      "ci_hi": 0.9612630125578586,
      "n_bootstrap": 1000
    },
    "precision": {
      "mean": 0.95121848871163,
      "std": 0.005151619764169698,
      "ci_lo": 0.9411878896752653,
      "ci_hi": 0.9614778031112747,
      "n_bootstrap": 1000
    },
    "recall": {
      "mean": 0.9508996830517835,
      "std": 0.005140363938139929,
      "ci_lo": 0.9406753111949483,
      "ci_hi": 0.9611890637420941,
      "n_bootstrap": 1000
    },
    "accuracy": {
      "mean": 0.9513289972899729,
      "std": 0.0051087625327692,
      "ci_lo": 0.9409214092140922,
      "ci_hi": 0.9615176151761518,
      "n_bootstrap": 1000
    },
    "auc": {
      "mean": 0.9876755569166537,
      "std": 0.0019054139664931398,
      "ci_lo": 0.9837821317627132,
      "ci_hi": 0.9913374715802211,
      "n_bootstrap": 1000
    }
  },
  "calibration": {
    "ece_pre": 0.4332214728188232,
    "ece_post_temp": null,
    "temperature_T": null
  },
  "cost": {
    "elapsed_s": 12.854,
    "ms_per_sample": 6.967,
    "peak_ram_mb": 2078.0,
    "peak_vram_mb": 0.0,
    "trainable_params": 0,
    "n_samples_processed": 1845
  },
  "preds_path": "experiments/preds_domain/euvsdisinfo_lr_tfidf_seed71.jsonl",
  "git_commit": "3bda4457c1cc03871c6496ea2af2c4e60872accf",
  "timestamp": "2026-07-01T18:46:49.814171Z",
  "extra": {}
}