{
  "dataset": "euvsdisinfo",
  "model": "lr",
  "variant": "tfidf",
  "seed": 13,
  "split": "grouped_v2",
  "config_path": "pipeline/03_models/configs/classical_lr.yaml",
  "data_manifest_sha": null,
  "metrics": {
    "f1": {
      "mean": 0.41749789106951735,
      "std": 0.007817309682603147,
      "ci_lo": 0.4022356292190362,
      "ci_hi": 0.43266158441432345,
      "n_bootstrap": 1000
    },
    "precision": {
      "mean": 0.623281471810875,
      "std": 0.006659394599118965,
      "ci_lo": 0.6093546408042511,
      "ci_hi": 0.6356557971752896,
      "n_bootstrap": 1000
    },
    "recall": {
      "mean": 0.5822036774508306,
      "std": 0.005035726325108813,
      "ci_lo": 0.5720208398342039,
      "ci_hi": 0.5918071167287227,
      "n_bootstrap": 1000
    },
    "accuracy": {
      "mean": 0.4267728511270745,
      "std": 0.0077695524138581724,
      "ci_lo": 0.41119643299479813,
      "ci_hi": 0.4424201139459995,
      "n_bootstrap": 1000
    },
    "auc": {
      "mean": 0.933324239401991,
      "std": 0.006457714279977802,
      "ci_lo": 0.9198373187810922,
      "ci_hi": 0.9448871370539859,
      "n_bootstrap": 1000
    }
  },
  "calibration": {
    "ece_pre": 0.5050711657303183,
    "ece_post_temp": null,
    "temperature_T": null
  },
  "cost": {
    "elapsed_s": 12.272,
    "ms_per_sample": 3.04,
    "peak_ram_mb": 2096.4,
    "peak_vram_mb": 0.0,
    "trainable_params": 0,
    "n_samples_processed": 4037
  },
  "preds_path": "experiments/preds_domain/euvsdisinfo_lr_tfidf_seed13.jsonl",
  "git_commit": "3bda4457c1cc03871c6496ea2af2c4e60872accf",
  "timestamp": "2026-07-01T18:46:12.701420Z",
  "extra": {}
}