{
  "dataset": "euvsdisinfo",
  "model": "rf",
  "variant": "tfidf",
  "seed": 113,
  "split": "grouped_v2",
  "config_path": "pipeline/03_models/configs/classical_rf.yaml",
  "data_manifest_sha": null,
  "metrics": {
    "f1": {
      "mean": 0.880987333633376,
      "std": 0.007810931878545467,
      "ci_lo": 0.8657791270475133,
      "ci_hi": 0.8957806807503333,
      "n_bootstrap": 1000
    },
    "precision": {
      "mean": 0.8854574604139993,
      "std": 0.007375265553661485,
      "ci_lo": 0.8711291307212651,
      "ci_hi": 0.8997896026326053,
      "n_bootstrap": 1000
    },
    "recall": {
      "mean": 0.8904107338068609,
      "std": 0.0070371728654201,
      "ci_lo": 0.8762259577567924,
      "ci_hi": 0.9034128034710192,
      "n_bootstrap": 1000
    },
    "accuracy": {
      "mean": 0.8812017640573319,
      "std": 0.007788071507500521,
      "ci_lo": 0.8660281146637265,
      "ci_hi": 0.8958241455347299,
      "n_bootstrap": 1000
    },
    "auc": {
      "mean": 0.9467923608407698,
      "std": 0.004962465949695647,
      "ci_lo": 0.936520110517059,
      "ci_hi": 0.9560942830032076,
      "n_bootstrap": 1000
    }
  },
  "calibration": {
    "ece_pre": 0.4722122517630411,
    "ece_post_temp": null,
    "temperature_T": null
  },
  "cost": {
    "elapsed_s": 14.419,
    "ms_per_sample": 7.949,
    "peak_ram_mb": 2195.8,
    "peak_vram_mb": 0.0,
    "trainable_params": 0,
    "n_samples_processed": 1814
  },
  "preds_path": "experiments/preds_domain/euvsdisinfo_rf_tfidf_seed113.jsonl",
  "git_commit": "3bda4457c1cc03871c6496ea2af2c4e60872accf",
  "timestamp": "2026-07-01T18:49:07.160263Z",
  "extra": {}
}