{
  "dataset": "euvsdisinfo",
  "model": "lr",
  "variant": "tfidf",
  "seed": 89,
  "split": "grouped_v2",
  "config_path": "pipeline/03_models/configs/classical_lr.yaml",
  "data_manifest_sha": null,
  "metrics": {
    "f1": {
      "mean": 0.893263182450779,
      "std": 0.006651391827861485,
      "ci_lo": 0.8801249075683579,
      "ci_hi": 0.9055229942116995,
      "n_bootstrap": 1000
    },
    "precision": {
      "mean": 0.8954621717778158,
      "std": 0.0065166150902420915,
      "ci_lo": 0.8832472371390857,
      "ci_hi": 0.9074296739646756,
      "n_bootstrap": 1000
    },
    "recall": {
      "mean": 0.8936269746295568,
      "std": 0.006542951555686571,
      "ci_lo": 0.8809976672701905,
      "ci_hi": 0.9056360805951451,
      "n_bootstrap": 1000
    },
    "accuracy": {
      "mean": 0.8934086560364465,
      "std": 0.006651277433161505,
      "ci_lo": 0.8801822323462415,
      "ci_hi": 0.9056947608200455,
      "n_bootstrap": 1000
    },
    "auc": {
      "mean": 0.9660996450451431,
      "std": 0.003094727549570009,
      "ci_lo": 0.9598197407279954,
      "ci_hi": 0.9719878289693592,
      "n_bootstrap": 1000
    }
  },
  "calibration": {
    "ece_pre": 0.4367279945108859,
    "ece_post_temp": null,
    "temperature_T": null
  },
  "cost": {
    "elapsed_s": 12.674,
    "ms_per_sample": 5.774,
    "peak_ram_mb": 2249.2,
    "peak_vram_mb": 0.0,
    "trainable_params": 0,
    "n_samples_processed": 2195
  },
  "preds_path": "experiments/preds_domain/euvsdisinfo_lr_tfidf_seed89.jsonl",
  "git_commit": "3bda4457c1cc03871c6496ea2af2c4e60872accf",
  "timestamp": "2026-07-01T18:47:08.488256Z",
  "extra": {}
}