{
  "dataset": "euvsdisinfo",
  "model": "lr",
  "variant": "tfidf",
  "seed": 89,
  "split": "grouped_v2",
  "config_path": "pipeline/03_models/configs/classical_lr.yaml",
  "data_manifest_sha": null,
  "metrics": {
    "f1": {
      "mean": 0.9389343593331069,
      "std": 0.005173465392880041,
      "ci_lo": 0.9284623280208615,
      "ci_hi": 0.9487126466583579,
      "n_bootstrap": 1000
    },
    "precision": {
      "mean": 0.9389698529253225,
      "std": 0.00519253860822547,
      "ci_lo": 0.9284494901822458,
      "ci_hi": 0.9488031406209193,
      "n_bootstrap": 1000
    },
    "recall": {
      "mean": 0.9389535851411499,
      "std": 0.0051860713531995135,
      "ci_lo": 0.9282282454576734,
      "ci_hi": 0.948631559734391,
      "n_bootstrap": 1000
    },
    "accuracy": {
      "mean": 0.9394187588820464,
      "std": 0.00513541417783393,
      "ci_lo": 0.9289436286120322,
      "ci_hi": 0.9488512553292279,
      "n_bootstrap": 1000
    },
    "auc": {
      "mean": 0.9812180359496724,
      "std": 0.002565343450475609,
      "ci_lo": 0.9760217148485595,
      "ci_hi": 0.9861501215483497,
      "n_bootstrap": 1000
    }
  },
  "calibration": {
    "ece_pre": 0.47853981374950266,
    "ece_post_temp": null,
    "temperature_T": null
  },
  "cost": {
    "elapsed_s": 14.975,
    "ms_per_sample": 7.094,
    "peak_ram_mb": 1394.9,
    "peak_vram_mb": 0.0,
    "trainable_params": 0,
    "n_samples_processed": 2111
  },
  "preds_path": "experiments/preds_v2/euvsdisinfo_lr_tfidf_seed89.jsonl",
  "git_commit": "3bda4457c1cc03871c6496ea2af2c4e60872accf",
  "timestamp": "2026-06-30T18:36:03.544078Z",
  "extra": {}
}