{
  "dataset": "liar",
  "model": "qwen25-7b",
  "variant": "zs_short",
  "seed": 42,
  "split": "grouped_v2",
  "config_path": "pipeline/03_models/configs/llm_zs.yaml",
  "data_manifest_sha": null,
  "metrics": {
    "f1": {
      "mean": 0.3389828692622343,
      "std": 0.012892931226476096,
      "ci_lo": 0.31375975147136353,
      "ci_hi": 0.3642429665752983,
      "n_bootstrap": 1000
    },
    "precision": {
      "mean": 0.5797538321347775,
      "std": 0.018987539590509094,
      "ci_lo": 0.5403982339917265,
      "ci_hi": 0.6162870131796859,
      "n_bootstrap": 1000
    },
    "recall": {
      "mean": 0.5307179250591616,
      "std": 0.007659417738327941,
      "ci_lo": 0.5153451968572494,
      "ci_hi": 0.5455704059162869,
      "n_bootstrap": 1000
    },
    "accuracy": {
      "mean": 0.37104053000779424,
      "std": 0.013821021685796141,
      "ci_lo": 0.34450506625097427,
      "ci_hi": 0.39984411535463754,
      "n_bootstrap": 1000
    }
  },
  "calibration": {
    "ece_pre": null,
    "ece_post_temp": null,
    "temperature_T": null
  },
  "cost": {
    "elapsed_s": 469.644,
    "ms_per_sample": 366.052,
    "peak_ram_mb": 4740.3,
    "peak_vram_mb": 0.0,
    "trainable_params": 0,
    "n_samples_processed": 1283
  },
  "preds_path": "experiments/preds_v2/liar_qwen25-7b_zs_short_seed42.jsonl",
  "git_commit": "3bda4457c1cc03871c6496ea2af2c4e60872accf",
  "timestamp": "2026-06-28T03:25:29.551818Z",
  "extra": {
    "backend": "mlx",
    "n_unparsed": 3,
    "sample_size": 1283,
    "prompt_variant": "short"
  }
}