{
  "dataset": "liar",
  "model": "distilbert",
  "variant": "finetune",
  "seed": 71,
  "split": "grouped_v2",
  "config_path": "pipeline/03_models/configs/encoder_distilbert.yaml",
  "data_manifest_sha": null,
  "metrics": {
    "f1": {
      "mean": 0.6085744621168514,
      "std": 0.012827596494928952,
      "ci_lo": 0.5834057159756245,
      "ci_hi": 0.6339890493654307,
      "n_bootstrap": 1000
    },
    "precision": {
      "mean": 0.6741699161931236,
      "std": 0.015772579450185117,
      "ci_lo": 0.6422680660097944,
      "ci_hi": 0.7047517417086285,
      "n_bootstrap": 1000
    },
    "recall": {
      "mean": 0.6035491152136941,
      "std": 0.010388854982865306,
      "ci_lo": 0.5830494171730275,
      "ci_hi": 0.6235315046172298,
      "n_bootstrap": 1000
    },
    "accuracy": {
      "mean": 0.7300986500519211,
      "std": 0.010304981980841675,
      "ci_lo": 0.710267393561786,
      "ci_hi": 0.7502596053997923,
      "n_bootstrap": 1000
    },
    "auc": {
      "mean": 0.710776473246709,
      "std": 0.012334720962449504,
      "ci_lo": 0.6863515158468201,
      "ci_hi": 0.7344488413954655,
      "n_bootstrap": 1000
    }
  },
  "calibration": {
    "ece_pre": 0.46278765197429395,
    "ece_post_temp": 0.43381548559638594,
    "temperature_T": 1.1964002230370552
  },
  "cost": {
    "elapsed_s": 177.59,
    "ms_per_sample": 92.207,
    "peak_ram_mb": 1492.6,
    "peak_vram_mb": 1331.2,
    "trainable_params": 66955010,
    "n_samples_processed": 1926
  },
  "preds_path": "experiments/preds_v2/liar_distilbert_finetune_seed71.jsonl",
  "git_commit": "3bda4457c1cc03871c6496ea2af2c4e60872accf",
  "timestamp": "2026-06-27T22:20:16.693746Z",
  "extra": {
    "device": "mps",
    "train_dataset": "liar",
    "eval_dataset": "liar",
    "is_cross_dataset": false
  }
}