{
  "dataset": "liar",
  "model": "distilbert",
  "variant": "finetune",
  "seed": 89,
  "split": "grouped_v2",
  "config_path": "pipeline/03_models/configs/encoder_distilbert.yaml",
  "data_manifest_sha": null,
  "metrics": {
    "f1": {
      "mean": 0.6262778212421872,
      "std": 0.01217299608153172,
      "ci_lo": 0.6035696822959771,
      "ci_hi": 0.648686118787383,
      "n_bootstrap": 1000
    },
    "precision": {
      "mean": 0.672186182292158,
      "std": 0.014701576829368047,
      "ci_lo": 0.6432351245898731,
      "ci_hi": 0.7010230005577891,
      "n_bootstrap": 1000
    },
    "recall": {
      "mean": 0.6170918049550664,
      "std": 0.010492383209021038,
      "ci_lo": 0.5974909162024212,
      "ci_hi": 0.6363666528315585,
      "n_bootstrap": 1000
    },
    "accuracy": {
      "mean": 0.7386318795430945,
      "std": 0.009680030231016417,
      "ci_lo": 0.7196131879543094,
      "ci_hi": 0.7580477673935618,
      "n_bootstrap": 1000
    },
    "auc": {
      "mean": 0.7111934586945385,
      "std": 0.012712130346052043,
      "ci_lo": 0.6855042978624268,
      "ci_hi": 0.7357922253973609,
      "n_bootstrap": 1000
    }
  },
  "calibration": {
    "ece_pre": 0.5318038104293502,
    "ece_post_temp": 0.45672774363530233,
    "temperature_T": 1.5370594843434164
  },
  "cost": {
    "elapsed_s": 190.68,
    "ms_per_sample": 99.003,
    "peak_ram_mb": 1499.2,
    "peak_vram_mb": 1413.6,
    "trainable_params": 66955010,
    "n_samples_processed": 1926
  },
  "preds_path": "experiments/preds_v2/liar_distilbert_finetune_seed89.jsonl",
  "git_commit": "3bda4457c1cc03871c6496ea2af2c4e60872accf",
  "timestamp": "2026-06-27T22:23:34.586008Z",
  "extra": {
    "device": "mps",
    "train_dataset": "liar",
    "eval_dataset": "liar",
    "is_cross_dataset": false
  }
}