{
  "dataset": "liar",
  "model": "bert_base",
  "variant": "finetune",
  "seed": 42,
  "split": "grouped_v2",
  "config_path": "pipeline/03_models/configs/encoder_bert_base.yaml",
  "data_manifest_sha": null,
  "metrics": {
    "f1": {
      "mean": 0.6073161564667818,
      "std": 0.012562229690801457,
      "ci_lo": 0.5835656156073081,
      "ci_hi": 0.6326670634152453,
      "n_bootstrap": 1000
    },
    "precision": {
      "mean": 0.678382078963406,
      "std": 0.015242872379682096,
      "ci_lo": 0.6486321165184247,
      "ci_hi": 0.7081300447794494,
      "n_bootstrap": 1000
    },
    "recall": {
      "mean": 0.6041974692538183,
      "std": 0.010041549026191166,
      "ci_lo": 0.5855926102833751,
      "ci_hi": 0.6244381053022008,
      "n_bootstrap": 1000
    },
    "accuracy": {
      "mean": 0.7232559709241952,
      "std": 0.010199881542224004,
      "ci_lo": 0.7024922118380063,
      "ci_hi": 0.7429906542056075,
      "n_bootstrap": 1000
    },
    "auc": {
      "mean": 0.7140508154475642,
      "std": 0.01306933454478279,
      "ci_lo": 0.6884548702133079,
      "ci_hi": 0.7395466624022341,
      "n_bootstrap": 1000
    }
  },
  "calibration": {
    "ece_pre": 0.4598122144704018,
    "ece_post_temp": 0.416859640636634,
    "temperature_T": 1.2894367654101653
  },
  "cost": {
    "elapsed_s": 380.041,
    "ms_per_sample": 197.321,
    "peak_ram_mb": 1566.0,
    "peak_vram_mb": 2468.4,
    "trainable_params": 109483778,
    "n_samples_processed": 1926
  },
  "preds_path": "experiments/preds_v2/liar_bert_base_finetune_seed42.jsonl",
  "git_commit": "3bda4457c1cc03871c6496ea2af2c4e60872accf",
  "timestamp": "2026-06-27T21:54:57.160214Z",
  "extra": {
    "device": "mps",
    "train_dataset": "liar",
    "eval_dataset": "liar",
    "is_cross_dataset": false
  }
}