{
  "dataset": "liar",
  "model": "lr",
  "variant": "tfidf",
  "seed": 42,
  "split": "grouped_v2",
  "config_path": "pipeline/03_models/configs/classical_lr.yaml",
  "data_manifest_sha": null,
  "metrics": {
    "f1": {
      "mean": 0.6312863590136665,
      "std": 0.011902258216316028,
      "ci_lo": 0.6088410993469436,
      "ci_hi": 0.6543777307977459,
      "n_bootstrap": 1000
    },
    "precision": {
      "mean": 0.6298974396466386,
      "std": 0.011848506401225848,
      "ci_lo": 0.6071799678992135,
      "ci_hi": 0.6528775490114012,
      "n_bootstrap": 1000
    },
    "recall": {
      "mean": 0.6333596087972072,
      "std": 0.012090012837488421,
      "ci_lo": 0.6113801733733529,
      "ci_hi": 0.6566905088276482,
      "n_bootstrap": 1000
    },
    "accuracy": {
      "mean": 0.680107476635514,
      "std": 0.010941709865192658,
      "ci_lo": 0.6593847352024922,
      "ci_hi": 0.7014537902388369,
      "n_bootstrap": 1000
    },
    "auc": {
      "mean": 0.6945748390531429,
      "std": 0.013444785951186497,
      "ci_lo": 0.6682013320712823,
      "ci_hi": 0.719312267438216,
      "n_bootstrap": 1000
    }
  },
  "calibration": {
    "ece_pre": 0.3281466438992746,
    "ece_post_temp": null,
    "temperature_T": null
  },
  "cost": {
    "elapsed_s": 0.214,
    "ms_per_sample": 0.111,
    "peak_ram_mb": 434.5,
    "peak_vram_mb": 0.0,
    "trainable_params": 0,
    "n_samples_processed": 1926
  },
  "preds_path": "experiments/preds_v2/liar_lr_tfidf_seed42.jsonl",
  "git_commit": "3bda4457c1cc03871c6496ea2af2c4e60872accf",
  "timestamp": "2026-06-27T20:52:43.221666Z",
  "extra": {}
}