{
  "dataset": "liar",
  "model": "svm",
  "variant": "tfidf",
  "seed": 71,
  "split": "grouped_v2",
  "config_path": "pipeline/03_models/configs/classical_svm.yaml",
  "data_manifest_sha": null,
  "metrics": {
    "f1": {
      "mean": 0.623879635812778,
      "std": 0.012166971809740853,
      "ci_lo": 0.599249642364569,
      "ci_hi": 0.6475890789994495,
      "n_bootstrap": 1000
    },
    "precision": {
      "mean": 0.627803909574478,
      "std": 0.01263793367410439,
      "ci_lo": 0.6020269679399397,
      "ci_hi": 0.6526861028885538,
      "n_bootstrap": 1000
    },
    "recall": {
      "mean": 0.6213379196944069,
      "std": 0.011964359288632969,
      "ci_lo": 0.5970638472464735,
      "ci_hi": 0.6444208879001988,
      "n_bootstrap": 1000
    },
    "accuracy": {
      "mean": 0.6933146417445484,
      "std": 0.010646898524376452,
      "ci_lo": 0.671858774662513,
      "ci_hi": 0.7144340602284528,
      "n_bootstrap": 1000
    },
    "auc": {
      "mean": 0.6717916218701548,
      "std": 0.013898510159918193,
      "ci_lo": 0.645118175103502,
      "ci_hi": 0.6986604645842556,
      "n_bootstrap": 1000
    }
  },
  "calibration": {
    "ece_pre": 0.32719567360893775,
    "ece_post_temp": null,
    "temperature_T": null
  },
  "cost": {
    "elapsed_s": 0.247,
    "ms_per_sample": 0.128,
    "peak_ram_mb": 435.8,
    "peak_vram_mb": 0.0,
    "trainable_params": 0,
    "n_samples_processed": 1926
  },
  "preds_path": "experiments/preds_v2/liar_svm_tfidf_seed71.jsonl",
  "git_commit": "3bda4457c1cc03871c6496ea2af2c4e60872accf",
  "timestamp": "2026-06-27T20:53:29.997017Z",
  "extra": {}
}