{
  "dataset": "liar",
  "model": "llama31-8b",
  "variant": "lora_natural_distribution",
  "seed": 42,
  "split": "grouped_v2",
  "config_path": "pipeline/03_models/configs/lora_natural.yaml",
  "data_manifest_sha": null,
  "metrics": {
    "f1": {
      "mean": 0.5398092420867515,
      "std": 0.012964329772121044,
      "ci_lo": 0.5145828717223697,
      "ci_hi": 0.5656878039874182,
      "n_bootstrap": 1000
    },
    "precision": {
      "mean": 0.7288498678083197,
      "std": 0.020863159686597754,
      "ci_lo": 0.687675218196618,
      "ci_hi": 0.7698238254922622,
      "n_bootstrap": 1000
    },
    "recall": {
      "mean": 0.5639135799765603,
      "std": 0.00801543467321179,
      "ci_lo": 0.5485957831562679,
      "ci_hi": 0.5799721406506166,
      "n_bootstrap": 1000
    },
    "accuracy": {
      "mean": 0.7200976116303218,
      "std": 0.01049714729073619,
      "ci_lo": 0.6978193146417445,
      "ci_hi": 0.7403946002076843,
      "n_bootstrap": 1000
    }
  },
  "calibration": {
    "ece_pre": null,
    "ece_post_temp": null,
    "temperature_T": null
  },
  "cost": {
    "elapsed_s": 1358.341,
    "ms_per_sample": 705.265,
    "peak_ram_mb": 5318.7,
    "peak_vram_mb": 0.0,
    "trainable_params": 0,
    "n_samples_processed": 1926
  },
  "preds_path": "experiments/preds_v2/liar_llama31-8b_lora_natural_distribution_seed42.jsonl",
  "git_commit": "3bda4457c1cc03871c6496ea2af2c4e60872accf",
  "timestamp": "2026-06-29T20:38:15.277593Z",
  "extra": {
    "backend": "mlx",
    "n_train": 2000,
    "n_eval": 1926,
    "lora_variant": "natural_distribution",
    "train_dataset": "liar",
    "eval_dataset": "liar",
    "is_cross_dataset": false
  }
}