{
  "dataset": "liar",
  "model": "qwen25-7b",
  "variant": "lora_natural_distribution",
  "seed": 42,
  "split": "grouped_v2",
  "config_path": "pipeline/03_models/configs/lora_natural.yaml",
  "data_manifest_sha": null,
  "metrics": {
    "f1": {
      "mean": 0.5224777211212063,
      "std": 0.012148349578889661,
      "ci_lo": 0.49786234556266173,
      "ci_hi": 0.5473682938746208,
      "n_bootstrap": 1000
    },
    "precision": {
      "mean": 0.7375985968476853,
      "std": 0.02186603274919647,
      "ci_lo": 0.6952464471471008,
      "ci_hi": 0.7792959215516758,
      "n_bootstrap": 1000
    },
    "recall": {
      "mean": 0.5546927393703739,
      "std": 0.007161207870575322,
      "ci_lo": 0.540960350797893,
      "ci_hi": 0.5694668568007939,
      "n_bootstrap": 1000
    },
    "accuracy": {
      "mean": 0.7167082035306334,
      "std": 0.010324119978102163,
      "ci_lo": 0.6967808930425753,
      "ci_hi": 0.7362409138110073,
      "n_bootstrap": 1000
    }
  },
  "calibration": {
    "ece_pre": null,
    "ece_post_temp": null,
    "temperature_T": null
  },
  "cost": {
    "elapsed_s": 1340.06,
    "ms_per_sample": 695.774,
    "peak_ram_mb": 5021.2,
    "peak_vram_mb": 0.0,
    "trainable_params": 0,
    "n_samples_processed": 1926
  },
  "preds_path": "experiments/preds_v2/liar_qwen25-7b_lora_natural_distribution_seed42.jsonl",
  "git_commit": "3bda4457c1cc03871c6496ea2af2c4e60872accf",
  "timestamp": "2026-06-30T00:29:04.070316Z",
  "extra": {
    "backend": "mlx",
    "n_train": 2000,
    "n_eval": 1926,
    "lora_variant": "natural_distribution",
    "train_dataset": "liar",
    "eval_dataset": "liar",
    "is_cross_dataset": false
  }
}