{
  "dataset": "liar",
  "model": "mbert-base",
  "variant": "transfer_pl_claims",
  "seed": 42,
  "split": "grouped_v2",
  "config_path": "pipeline/03_models/configs/encoder_mbert.yaml",
  "data_manifest_sha": null,
  "metrics": {
    "f1": {
      "mean": 0.29946778048625466,
      "std": 0.020900289711255637,
      "ci_lo": 0.25773377772922235,
      "ci_hi": 0.34138450519868613,
      "n_bootstrap": 1000
    },
    "precision": {
      "mean": 0.6112843517721296,
      "std": 0.00976495968014878,
      "ci_lo": 0.5925902777777777,
      "ci_hi": 0.6311881188118812,
      "n_bootstrap": 1000
    },
    "recall": {
      "mean": 0.5667973155402649,
      "std": 0.00902920224359639,
      "ci_lo": 0.548640995968344,
      "ci_hi": 0.5849063065391574,
      "n_bootstrap": 1000
    },
    "accuracy": {
      "mean": 0.30578097345132743,
      "std": 0.021085780627862694,
      "ci_lo": 0.26327433628318586,
      "ci_hi": 0.3473451327433628,
      "n_bootstrap": 1000
    },
    "auc": {
      "mean": 0.8552590749462402,
      "std": 0.01918054520335186,
      "ci_lo": 0.815251780331451,
      "ci_hi": 0.8906932221825157,
      "n_bootstrap": 1000
    }
  },
  "calibration": {
    "ece_pre": 0.29341906075885066,
    "ece_post_temp": 0.2858718296157975,
    "temperature_T": 19.9999935790912
  },
  "cost": {
    "elapsed_s": 313.331,
    "ms_per_sample": 693.209,
    "peak_ram_mb": 890.2,
    "peak_vram_mb": 2412.4,
    "trainable_params": 177854978,
    "n_samples_processed": 452
  },
  "preds_path": "experiments/preds_v2/liar_mbert-base_transfer_pl_claims_seed42.jsonl",
  "git_commit": "3bda4457c1cc03871c6496ea2af2c4e60872accf",
  "timestamp": "2026-06-30T18:41:42.452689Z",
  "extra": {
    "device": "mps",
    "train_dataset": "liar",
    "eval_dataset": "pl_claims",
    "is_cross_dataset": true
  }
}