{
  "dataset": "liar",
  "model": "llama31-8b",
  "variant": "lora_basic",
  "seed": 13,
  "split": "grouped_v2",
  "config_path": "pipeline/03_models/configs/lora_basic.yaml",
  "data_manifest_sha": null,
  "metrics": {
    "f1": {
      "mean": 0.6319022365391473,
      "std": 0.011915529731378055,
      "ci_lo": 0.608903792311558,
      "ci_hi": 0.6545880013992692,
      "n_bootstrap": 1000
    },
    "precision": {
      "mean": 0.647348449798586,
      "std": 0.012905472307202898,
      "ci_lo": 0.6222296785948356,
      "ci_hi": 0.6726939759744361,
      "n_bootstrap": 1000
    },
    "recall": {
      "mean": 0.625364143424309,
      "std": 0.01125078773439009,
      "ci_lo": 0.6035354275492031,
      "ci_hi": 0.6470080598890784,
      "n_bootstrap": 1000
    },
    "accuracy": {
      "mean": 0.716614745586708,
      "std": 0.010136532108525439,
      "ci_lo": 0.6973001038421599,
      "ci_hi": 0.7367601246105919,
      "n_bootstrap": 1000
    }
  },
  "calibration": {
    "ece_pre": null,
    "ece_post_temp": null,
    "temperature_T": null
  },
  "cost": {
    "elapsed_s": 644.381,
    "ms_per_sample": 334.57,
    "peak_ram_mb": 5094.5,
    "peak_vram_mb": 0.0,
    "trainable_params": 0,
    "n_samples_processed": 1926
  },
  "preds_path": "experiments/preds_v2/liar_llama31-8b_lora_basic_seed13.jsonl",
  "git_commit": "3bda4457c1cc03871c6496ea2af2c4e60872accf",
  "timestamp": "2026-06-28T05:36:26.801149Z",
  "extra": {
    "backend": "mlx",
    "n_train": 2000,
    "n_eval": 1926,
    "lora_variant": "basic",
    "train_dataset": "liar",
    "eval_dataset": "liar",
    "is_cross_dataset": false
  }
}