{
  "dataset": "pl_claims",
  "model": "lr",
  "variant": "tfidf",
  "seed": 71,
  "split": "grouped_v2",
  "config_path": "pipeline/03_models/configs/classical_lr.yaml",
  "data_manifest_sha": null,
  "metrics": {
    "f1": {
      "mean": 0.7829424545510394,
      "std": 0.021939066846477156,
      "ci_lo": 0.7388648458006334,
      "ci_hi": 0.8234778881158005,
      "n_bootstrap": 1000
    },
    "precision": {
      "mean": 0.7646684289454438,
      "std": 0.02206124962204093,
      "ci_lo": 0.7223872663183484,
      "ci_hi": 0.8065854355589097,
      "n_bootstrap": 1000
    },
    "recall": {
      "mean": 0.8190675496186046,
      "std": 0.02206373100895606,
      "ci_lo": 0.7725627542548011,
      "ci_hi": 0.8596824839759889,
      "n_bootstrap": 1000
    },
    "accuracy": {
      "mean": 0.8316946902654867,
      "std": 0.017307408294205198,
      "ci_lo": 0.7964048672566373,
      "ci_hi": 0.8628318584070797,
      "n_bootstrap": 1000
    },
    "auc": {
      "mean": 0.8879878787295574,
      "std": 0.0164046275849932,
      "ci_lo": 0.853123433637737,
      "ci_hi": 0.9182976352390282,
      "n_bootstrap": 1000
    }
  },
  "calibration": {
    "ece_pre": 0.21386998045090508,
    "ece_post_temp": null,
    "temperature_T": null
  },
  "cost": {
    "elapsed_s": 0.067,
    "ms_per_sample": 0.148,
    "peak_ram_mb": 394.4,
    "peak_vram_mb": 0.0,
    "trainable_params": 0,
    "n_samples_processed": 452
  },
  "preds_path": "experiments/preds_v2/pl_claims_lr_tfidf_seed71.jsonl",
  "git_commit": "3bda4457c1cc03871c6496ea2af2c4e60872accf",
  "timestamp": "2026-06-27T20:53:48.094335Z",
  "extra": {}
}