{
  "dataset": "pl_claims",
  "model": "mbert",
  "variant": "finetune",
  "seed": 71,
  "split": "grouped_v2",
  "config_path": "pipeline/03_models/configs/encoder_mbert.yaml",
  "data_manifest_sha": null,
  "metrics": {
    "f1": {
      "mean": 0.7870445527227892,
      "std": 0.02329581609774107,
      "ci_lo": 0.7416672246360166,
      "ci_hi": 0.832188695142124,
      "n_bootstrap": 1000
    },
    "precision": {
      "mean": 0.7886799858164512,
      "std": 0.02486187464055885,
      "ci_lo": 0.7432117057349256,
      "ci_hi": 0.8358476862204798,
      "n_bootstrap": 1000
    },
    "recall": {
      "mean": 0.7866251755106444,
      "std": 0.024483373113629,
      "ci_lo": 0.7364309103083355,
      "ci_hi": 0.8319277560152261,
      "n_bootstrap": 1000
    },
    "accuracy": {
      "mean": 0.8519225663716813,
      "std": 0.016789432068185447,
      "ci_lo": 0.8163716814159292,
      "ci_hi": 0.8827433628318584,
      "n_bootstrap": 1000
    },
    "auc": {
      "mean": 0.9114199326883459,
      "std": 0.013433652477907057,
      "ci_lo": 0.8855000189133825,
      "ci_hi": 0.9366883739210903,
      "n_bootstrap": 1000
    }
  },
  "calibration": {
    "ece_pre": 0.0861552150639813,
    "ece_post_temp": 0.08382538285266194,
    "temperature_T": 1.1735647196985959
  },
  "cost": {
    "elapsed_s": 172.174,
    "ms_per_sample": 380.915,
    "peak_ram_mb": 1862.4,
    "peak_vram_mb": 2427.0,
    "trainable_params": 177854978,
    "n_samples_processed": 452
  },
  "preds_path": "experiments/preds_v2/pl_claims_mbert_finetune_seed71.jsonl",
  "git_commit": "3bda4457c1cc03871c6496ea2af2c4e60872accf",
  "timestamp": "2026-06-27T22:51:37.364614Z",
  "extra": {
    "device": "mps",
    "train_dataset": "pl_claims",
    "eval_dataset": "pl_claims",
    "is_cross_dataset": false
  }
}