{
  "dataset": "pl_claims",
  "model": "svm",
  "variant": "tfidf",
  "seed": 89,
  "split": "grouped_v2",
  "config_path": "pipeline/03_models/configs/classical_svm.yaml",
  "data_manifest_sha": null,
  "metrics": {
    "f1": {
      "mean": 0.7436878972768782,
      "std": 0.024299983429051358,
      "ci_lo": 0.6961100021125705,
      "ci_hi": 0.7901025415763921,
      "n_bootstrap": 1000
    },
    "precision": {
      "mean": 0.7333527968358958,
      "std": 0.024377429168662458,
      "ci_lo": 0.6857100984378445,
      "ci_hi": 0.781609217775105,
      "n_bootstrap": 1000
    },
    "recall": {
      "mean": 0.7590698185979208,
      "std": 0.026889606974326727,
      "ci_lo": 0.7082255500884566,
      "ci_hi": 0.810660289387108,
      "n_bootstrap": 1000
    },
    "accuracy": {
      "mean": 0.8206482300884955,
      "std": 0.017754409064586543,
      "ci_lo": 0.7876106194690266,
      "ci_hi": 0.8540376106194689,
      "n_bootstrap": 1000
    },
    "auc": {
      "mean": 0.8683173916363807,
      "std": 0.017166893815550466,
      "ci_lo": 0.8341297305237895,
      "ci_hi": 0.9007628171123924,
      "n_bootstrap": 1000
    }
  },
  "calibration": {
    "ece_pre": 0.21441069446239558,
    "ece_post_temp": null,
    "temperature_T": null
  },
  "cost": {
    "elapsed_s": 0.067,
    "ms_per_sample": 0.149,
    "peak_ram_mb": 394.5,
    "peak_vram_mb": 0.0,
    "trainable_params": 0,
    "n_samples_processed": 452
  },
  "preds_path": "experiments/preds_v2/pl_claims_svm_tfidf_seed89.jsonl",
  "git_commit": "3bda4457c1cc03871c6496ea2af2c4e60872accf",
  "timestamp": "2026-06-27T20:54:26.210492Z",
  "extra": {}
}