{
  "dataset": "pl_claims",
  "model": "svm",
  "variant": "tfidf",
  "seed": 113,
  "split": "grouped_v2",
  "config_path": "pipeline/03_models/configs/classical_svm.yaml",
  "data_manifest_sha": null,
  "metrics": {
    "f1": {
      "mean": 0.7530984252097881,
      "std": 0.022687135874353535,
      "ci_lo": 0.7068045857960797,
      "ci_hi": 0.7957859868062107,
      "n_bootstrap": 1000
    },
    "precision": {
      "mean": 0.7465653272087656,
      "std": 0.023606286840147803,
      "ci_lo": 0.6999314068201878,
      "ci_hi": 0.790569709315912,
      "n_bootstrap": 1000
    },
    "recall": {
      "mean": 0.7623413177934909,
      "std": 0.024280291994655978,
      "ci_lo": 0.7153278946897951,
      "ci_hi": 0.8072057132158237,
      "n_bootstrap": 1000
    },
    "accuracy": {
      "mean": 0.8220265486725664,
      "std": 0.017453615962241535,
      "ci_lo": 0.7853982300884956,
      "ci_hi": 0.8539823008849557,
      "n_bootstrap": 1000
    },
    "auc": {
      "mean": 0.8805823760345518,
      "std": 0.016718748399554065,
      "ci_lo": 0.8450214979943274,
      "ci_hi": 0.9116370525416402,
      "n_bootstrap": 1000
    }
  },
  "calibration": {
    "ece_pre": 0.2132152733933892,
    "ece_post_temp": null,
    "temperature_T": null
  },
  "cost": {
    "elapsed_s": 0.067,
    "ms_per_sample": 0.148,
    "peak_ram_mb": 395.1,
    "peak_vram_mb": 0.0,
    "trainable_params": 0,
    "n_samples_processed": 452
  },
  "preds_path": "experiments/preds_v2/pl_claims_svm_tfidf_seed113.jsonl",
  "git_commit": "3bda4457c1cc03871c6496ea2af2c4e60872accf",
  "timestamp": "2026-06-27T20:54:29.607047Z",
  "extra": {}
}