{
  "dataset": "truthseeker",
  "model": "llama31-8b",
  "variant": "lora_big",
  "seed": 71,
  "split": "grouped_v2",
  "config_path": "pipeline/03_models/configs/lora_big.yaml",
  "data_manifest_sha": null,
  "metrics": {
    "f1": {
      "mean": 0.500319044942504,
      "std": 0.011017113174673564,
      "ci_lo": 0.4777525870185807,
      "ci_hi": 0.5209803502509001,
      "n_bootstrap": 1000
    },
    "precision": {
      "mean": 0.6922547561537069,
      "std": 0.012495697725220217,
      "ci_lo": 0.6662845799682925,
      "ci_hi": 0.7154996184780039,
      "n_bootstrap": 1000
    },
    "recall": {
      "mean": 0.5829416860229639,
      "std": 0.006852812883552389,
      "ci_lo": 0.5692731510246338,
      "ci_hi": 0.5961724393105418,
      "n_bootstrap": 1000
    },
    "accuracy": {
      "mean": 0.561387,
      "std": 0.01095646982380729,
      "ci_lo": 0.5395,
      "ci_hi": 0.5830124999999999,
      "n_bootstrap": 1000
    }
  },
  "calibration": {
    "ece_pre": null,
    "ece_post_temp": null,
    "temperature_T": null
  },
  "cost": {
    "elapsed_s": 1767.266,
    "ms_per_sample": 883.633,
    "peak_ram_mb": 5391.6,
    "peak_vram_mb": 0.0,
    "trainable_params": 0,
    "n_samples_processed": 2000
  },
  "preds_path": "experiments/preds_v2/truthseeker_llama31-8b_lora_big_seed71.jsonl",
  "git_commit": "3bda4457c1cc03871c6496ea2af2c4e60872accf",
  "timestamp": "2026-06-29T22:46:01.806837Z",
  "extra": {
    "backend": "mlx",
    "n_train": 4000,
    "n_eval": 2000,
    "lora_variant": "big",
    "train_dataset": "truthseeker",
    "eval_dataset": "truthseeker",
    "is_cross_dataset": false
  }
}