{
  "dataset": "truthseeker",
  "model": "distilbert",
  "variant": "finetune",
  "seed": 89,
  "split": "grouped_v2",
  "config_path": "pipeline/03_models/configs/encoder_distilbert.yaml",
  "data_manifest_sha": null,
  "metrics": {
    "f1": {
      "mean": 0.738736583505411,
      "std": 0.0031259843881012166,
      "ci_lo": 0.732453253590199,
      "ci_hi": 0.7445633342777549,
      "n_bootstrap": 1000
    },
    "precision": {
      "mean": 0.7619969578333498,
      "std": 0.0030262766771282867,
      "ci_lo": 0.7560413215305979,
      "ci_hi": 0.7676429715529122,
      "n_bootstrap": 1000
    },
    "recall": {
      "mean": 0.73727683140393,
      "std": 0.002979220807063407,
      "ci_lo": 0.7314664496750974,
      "ci_hi": 0.7427527353319927,
      "n_bootstrap": 1000
    },
    "accuracy": {
      "mean": 0.7496242331288345,
      "std": 0.0029961333945259603,
      "ci_lo": 0.74351870176133,
      "ci_hi": 0.7551949337027508,
      "n_bootstrap": 1000
    },
    "auc": {
      "mean": 0.8300348673959633,
      "std": 0.0028665656488548207,
      "ci_lo": 0.8243905210100704,
      "ci_hi": 0.8355456044503803,
      "n_bootstrap": 1000
    }
  },
  "calibration": {
    "ece_pre": 0.4727770588579596,
    "ece_post_temp": 0.3547705157842573,
    "temperature_T": 2.488841732346186
  },
  "cost": {
    "elapsed_s": 708.801,
    "ms_per_sample": 35.068,
    "peak_ram_mb": 2646.8,
    "peak_vram_mb": 1293.2,
    "trainable_params": 66955010,
    "n_samples_processed": 20212
  },
  "preds_path": "experiments/preds_v2/truthseeker_distilbert_finetune_seed89.jsonl",
  "git_commit": "3bda4457c1cc03871c6496ea2af2c4e60872accf",
  "timestamp": "2026-06-28T02:33:22.833290Z",
  "extra": {
    "device": "mps",
    "train_dataset": "truthseeker",
    "eval_dataset": "truthseeker",
    "is_cross_dataset": false
  }
}