{
  "dataset": "truthseeker",
  "model": "qwen25-7b",
  "variant": "zs_short",
  "seed": 13,
  "split": "grouped_v2",
  "config_path": "pipeline/03_models/configs/llm_zs.yaml",
  "data_manifest_sha": null,
  "metrics": {
    "f1": {
      "mean": 0.3668156763854444,
      "std": 0.00959037505869147,
      "ci_lo": 0.34908132883659143,
      "ci_hi": 0.38517723775051116,
      "n_bootstrap": 1000
    },
    "precision": {
      "mean": 0.38643149075887984,
      "std": 0.013919588464229535,
      "ci_lo": 0.3593138934385788,
      "ci_hi": 0.4135830872018591,
      "n_bootstrap": 1000
    },
    "recall": {
      "mean": 0.43598982395526636,
      "std": 0.00827501279554057,
      "ci_lo": 0.4200122198853937,
      "ci_hi": 0.4525391513868339,
      "n_bootstrap": 1000
    },
    "accuracy": {
      "mean": 0.43597700000000006,
      "std": 0.01118927928867629,
      "ci_lo": 0.4134875,
      "ci_hi": 0.4570125,
      "n_bootstrap": 1000
    }
  },
  "calibration": {
    "ece_pre": null,
    "ece_post_temp": null,
    "temperature_T": null
  },
  "cost": {
    "elapsed_s": 850.675,
    "ms_per_sample": 425.338,
    "peak_ram_mb": 4967.0,
    "peak_vram_mb": 0.0,
    "trainable_params": 0,
    "n_samples_processed": 2000
  },
  "preds_path": "experiments/preds_v2/truthseeker_qwen25-7b_zs_short_seed13.jsonl",
  "git_commit": "3bda4457c1cc03871c6496ea2af2c4e60872accf",
  "timestamp": "2026-06-28T04:57:06.262643Z",
  "extra": {
    "backend": "mlx",
    "n_unparsed": 0,
    "sample_size": 2000,
    "prompt_variant": "short"
  }
}