{
  "dataset": "truthseeker",
  "model": "rf",
  "variant": "tfidf",
  "seed": 113,
  "split": "grouped_v2",
  "config_path": "pipeline/03_models/configs/classical_rf.yaml",
  "data_manifest_sha": null,
  "metrics": {
    "f1": {
      "mean": 0.7894115011050031,
      "std": 0.0030608553969022918,
      "ci_lo": 0.7834344879527119,
      "ci_hi": 0.7951026043667496,
      "n_bootstrap": 1000
    },
    "precision": {
      "mean": 0.7909270674806169,
      "std": 0.0030689558372007384,
      "ci_lo": 0.7848869302672916,
      "ci_hi": 0.7965947599150289,
      "n_bootstrap": 1000
    },
    "recall": {
      "mean": 0.7881101637941766,
      "std": 0.0031032058779952875,
      "ci_lo": 0.7820965340575751,
      "ci_hi": 0.7939005016610775,
      "n_bootstrap": 1000
    },
    "accuracy": {
      "mean": 0.7996531608747597,
      "std": 0.002940684164151146,
      "ci_lo": 0.7937237026647966,
      "ci_hi": 0.8051036309802088,
      "n_bootstrap": 1000
    },
    "auc": {
      "mean": 0.839656160272234,
      "std": 0.003007772991263024,
      "ci_lo": 0.8334660112854144,
      "ci_hi": 0.8452630431559988,
      "n_bootstrap": 1000
    }
  },
  "calibration": {
    "ece_pre": 0.2438922261653009,
    "ece_post_temp": null,
    "temperature_T": null
  },
  "cost": {
    "elapsed_s": 40.143,
    "ms_per_sample": 2.085,
    "peak_ram_mb": 1938.5,
    "peak_vram_mb": 0.0,
    "trainable_params": 0,
    "n_samples_processed": 19251
  },
  "preds_path": "experiments/preds_v2/truthseeker_rf_tfidf_seed113.jsonl",
  "git_commit": "3bda4457c1cc03871c6496ea2af2c4e60872accf",
  "timestamp": "2026-06-27T20:59:45.963700Z",
  "extra": {}
}