{
  "dataset": "euvsdisinfo",
  "model": "rf",
  "variant": "tfidf",
  "seed": 13,
  "split": "grouped_v2",
  "config_path": "pipeline/03_models/configs/classical_rf.yaml",
  "data_manifest_sha": null,
  "metrics": {
    "f1": {
      "mean": 0.9450004511150273,
      "std": 0.004773454082857588,
      "ci_lo": 0.9355665297817374,
      "ci_hi": 0.9537817828911543,
      "n_bootstrap": 1000
    },
    "precision": {
      "mean": 0.944521506126252,
      "std": 0.004807510725942841,
      "ci_lo": 0.934947835581439,
      "ci_hi": 0.9535141559456695,
      "n_bootstrap": 1000
    },
    "recall": {
      "mean": 0.9456426264983019,
      "std": 0.004749200604047591,
      "ci_lo": 0.9359107100334395,
      "ci_hi": 0.9542796519359614,
      "n_bootstrap": 1000
    },
    "accuracy": {
      "mean": 0.9453901532745007,
      "std": 0.004741179994494749,
      "ci_lo": 0.9359033906177426,
      "ci_hi": 0.9540176497909894,
      "n_bootstrap": 1000
    },
    "auc": {
      "mean": 0.988318655115009,
      "std": 0.0017499264659223868,
      "ci_lo": 0.9846756176954747,
      "ci_hi": 0.9917214681145118,
      "n_bootstrap": 1000
    }
  },
  "calibration": {
    "ece_pre": 0.5019337773050369,
    "ece_post_temp": null,
    "temperature_T": null
  },
  "cost": {
    "elapsed_s": 22.058,
    "ms_per_sample": 10.245,
    "peak_ram_mb": 1131.4,
    "peak_vram_mb": 0.0,
    "trainable_params": 0,
    "n_samples_processed": 2153
  },
  "preds_path": "experiments/preds_random/euvsdisinfo_rf_tfidf_seed13.jsonl",
  "git_commit": "3bda4457c1cc03871c6496ea2af2c4e60872accf",
  "timestamp": "2026-07-01T15:23:24.934466Z",
  "extra": {}
}