{
  "dataset": "euvsdisinfo",
  "model": "rf",
  "variant": "tfidf",
  "seed": 42,
  "split": "grouped_v2",
  "config_path": "pipeline/03_models/configs/classical_rf.yaml",
  "data_manifest_sha": null,
  "metrics": {
    "f1": {
      "mean": 0.9396918662655325,
      "std": 0.0052498357375300375,
      "ci_lo": 0.9288921550367726,
      "ci_hi": 0.9501524827807266,
      "n_bootstrap": 1000
    },
    "precision": {
      "mean": 0.9392170121258525,
      "std": 0.005301905478428806,
      "ci_lo": 0.9282631508282362,
      "ci_hi": 0.9498262905788583,
      "n_bootstrap": 1000
    },
    "recall": {
      "mean": 0.9403360264734023,
      "std": 0.005203599569281746,
      "ci_lo": 0.9292740401669245,
      "ci_hi": 0.950645021301011,
      "n_bootstrap": 1000
    },
    "accuracy": {
      "mean": 0.940104969809568,
      "std": 0.005222776595945186,
      "ci_lo": 0.9293892243381329,
      "ci_hi": 0.9503135160241523,
      "n_bootstrap": 1000
    },
    "auc": {
      "mean": 0.9861387916363223,
      "std": 0.001891481724358987,
      "ci_lo": 0.9824580209497769,
      "ci_hi": 0.989552935392536,
      "n_bootstrap": 1000
    }
  },
  "calibration": {
    "ece_pre": 0.5005244118227368,
    "ece_post_temp": null,
    "temperature_T": null
  },
  "cost": {
    "elapsed_s": 33.849,
    "ms_per_sample": 15.722,
    "peak_ram_mb": 1155.9,
    "peak_vram_mb": 0.0,
    "trainable_params": 0,
    "n_samples_processed": 2153
  },
  "preds_path": "experiments/preds_random/euvsdisinfo_rf_tfidf_seed42.jsonl",
  "git_commit": "3bda4457c1cc03871c6496ea2af2c4e60872accf",
  "timestamp": "2026-07-01T15:24:08.174148Z",
  "extra": {}
}