{
  "dataset": "euvsdisinfo",
  "model": "lr",
  "variant": "tfidf",
  "seed": 89,
  "split": "grouped_v2",
  "config_path": "pipeline/03_models/configs/classical_lr.yaml",
  "data_manifest_sha": null,
  "metrics": {
    "f1": {
      "mean": 0.9362471673333106,
      "std": 0.00548594204707263,
      "ci_lo": 0.9254488634380922,
      "ci_hi": 0.9467314217692343,
      "n_bootstrap": 1000
    },
    "precision": {
      "mean": 0.9362126719466362,
      "std": 0.005511546010441533,
      "ci_lo": 0.9252687979619918,
      "ci_hi": 0.9468427488264719,
      "n_bootstrap": 1000
    },
    "recall": {
      "mean": 0.9363398393326856,
      "std": 0.00548971306777343,
      "ci_lo": 0.9256398404524699,
      "ci_hi": 0.9470330475649317,
      "n_bootstrap": 1000
    },
    "accuracy": {
      "mean": 0.9367598699489086,
      "std": 0.0054330800066309855,
      "ci_lo": 0.9261495587552253,
      "ci_hi": 0.9470506270320483,
      "n_bootstrap": 1000
    },
    "auc": {
      "mean": 0.9806711193122063,
      "std": 0.0025354825402384793,
      "ci_lo": 0.9756127970573312,
      "ci_hi": 0.9853068344269541,
      "n_bootstrap": 1000
    }
  },
  "calibration": {
    "ece_pre": 0.4757307051565415,
    "ece_post_temp": null,
    "temperature_T": null
  },
  "cost": {
    "elapsed_s": 25.507,
    "ms_per_sample": 11.847,
    "peak_ram_mb": 1888.2,
    "peak_vram_mb": 0.0,
    "trainable_params": 0,
    "n_samples_processed": 2153
  },
  "preds_path": "experiments/preds_random/euvsdisinfo_lr_tfidf_seed89.jsonl",
  "git_commit": "3bda4457c1cc03871c6496ea2af2c4e60872accf",
  "timestamp": "2026-07-01T15:19:44.298849Z",
  "extra": {}
}