{
  "dataset": "euvsdisinfo",
  "model": "rf",
  "variant": "tfidf",
  "seed": 89,
  "split": "grouped_v2",
  "config_path": "pipeline/03_models/configs/classical_rf.yaml",
  "data_manifest_sha": null,
  "metrics": {
    "f1": {
      "mean": 0.9420493401488205,
      "std": 0.005236987832210677,
      "ci_lo": 0.9312497534820857,
      "ci_hi": 0.9518102792829196,
      "n_bootstrap": 1000
    },
    "precision": {
      "mean": 0.941554214708961,
      "std": 0.005293947145435342,
      "ci_lo": 0.9307725161251874,
      "ci_hi": 0.9511729893446461,
      "n_bootstrap": 1000
    },
    "recall": {
      "mean": 0.9427258222555027,
      "std": 0.005181643959245113,
      "ci_lo": 0.9321899726045637,
      "ci_hi": 0.9522701352195092,
      "n_bootstrap": 1000
    },
    "accuracy": {
      "mean": 0.9424435671156526,
      "std": 0.005194333559590979,
      "ci_lo": 0.9321760334417093,
      "ci_hi": 0.9521597770552717,
      "n_bootstrap": 1000
    },
    "auc": {
      "mean": 0.9864561613463686,
      "std": 0.0018676816091563377,
      "ci_lo": 0.9824428126843815,
      "ci_hi": 0.9897755985809392,
      "n_bootstrap": 1000
    }
  },
  "calibration": {
    "ece_pre": 0.4988242471101519,
    "ece_post_temp": null,
    "temperature_T": null
  },
  "cost": {
    "elapsed_s": 37.754,
    "ms_per_sample": 17.536,
    "peak_ram_mb": 1122.8,
    "peak_vram_mb": 0.0,
    "trainable_params": 0,
    "n_samples_processed": 2153
  },
  "preds_path": "experiments/preds_random/euvsdisinfo_rf_tfidf_seed89.jsonl",
  "git_commit": "3bda4457c1cc03871c6496ea2af2c4e60872accf",
  "timestamp": "2026-07-01T15:25:26.549459Z",
  "extra": {}
}