{
  "dataset": "pl_claims",
  "model": "lr",
  "variant": "tfidf",
  "seed": 71,
  "split": "grouped_v2",
  "config_path": "pipeline/03_models/configs/classical_lr.yaml",
  "data_manifest_sha": null,
  "metrics": {
    "f1": {
      "mean": 0.7745573215988751,
      "std": 0.023047546719284752,
      "ci_lo": 0.7291320454326338,
      "ci_hi": 0.8170872166501684,
      "n_bootstrap": 1000
    },
    "precision": {
      "mean": 0.7539016969297745,
      "std": 0.022382517802498312,
      "ci_lo": 0.7093571953147496,
      "ci_hi": 0.7965893095203054,
      "n_bootstrap": 1000
    },
    "recall": {
      "mean": 0.8221923662192088,
      "std": 0.022605797419523156,
      "ci_lo": 0.7768492587744665,
      "ci_hi": 0.865365133937003,
      "n_bootstrap": 1000
    },
    "accuracy": {
      "mean": 0.8273827433628319,
      "std": 0.018485366699395517,
      "ci_lo": 0.7898230088495575,
      "ci_hi": 0.8606194690265486,
      "n_bootstrap": 1000
    },
    "auc": {
      "mean": 0.9017307110307117,
      "std": 0.014932349041986384,
      "ci_lo": 0.8714443171515455,
      "ci_hi": 0.9291841359683707,
      "n_bootstrap": 1000
    }
  },
  "calibration": {
    "ece_pre": 0.21378209126065753,
    "ece_post_temp": null,
    "temperature_T": null
  },
  "cost": {
    "elapsed_s": 0.1,
    "ms_per_sample": 0.222,
    "peak_ram_mb": 398.3,
    "peak_vram_mb": 0.0,
    "trainable_params": 0,
    "n_samples_processed": 452
  },
  "preds_path": "experiments/preds_random/pl_claims_lr_tfidf_seed71.jsonl",
  "git_commit": "3bda4457c1cc03871c6496ea2af2c4e60872accf",
  "timestamp": "2026-07-01T15:26:13.928103Z",
  "extra": {}
}